target,fn,inf_all,inf_stack,inf_WC,inf_nWC,sns_WC,ppv_WC,sns_nWC,ppv_nWC
10_0_solution_4LCK_rpr.pdb.outCR,10_0_solution_4LCK_rpr.pdb.outCR,1.000,0.000,1.000,1.000,1.000,1.000,1.000,1.000
10_0_solution_4LCK_rpr.pdb.outCR,10_BUJNICKI_3_rpr.pdb.outCR,0.884,0.000,0.956,0.718,0.956,0.956,0.700,0.737
10_0_solution_4LCK_rpr.pdb.outCR,10_BUJNICKI_10_rpr.pdb.outCR,0.889,0.000,0.955,0.738,0.933,0.977,0.700,0.778
10_0_solution_4LCK_rpr.pdb.outCR,10_BUJNICKI_4_rpr.pdb.outCR,0.827,0.000,0.968,0.500,1.000,0.938,0.500,0.500
10_0_solution_4LCK_rpr.pdb.outCR,10_BUJNICKI_2_rpr.pdb.outCR,0.855,0.000,0.957,0.616,0.978,0.936,0.600,0.632
10_0_solution_4LCK_rpr.pdb.outCR,10_BUJNICKI_1_rpr.pdb.outCR,0.879,0.000,0.957,0.700,0.978,0.936,0.700,0.700
10_0_solution_4LCK_rpr.pdb.outCR,10_BUJNICKI_6_rpr.pdb.outCR,0.822,0.000,0.923,0.580,0.933,0.913,0.550,0.611
10_0_solution_4LCK_rpr.pdb.outCR,10_BUJNICKI_7_rpr.pdb.outCR,0.849,0.000,0.923,0.683,0.933,0.913,0.700,0.667
10_0_solution_4LCK_rpr.pdb.outCR,10_BUJNICKI_5_rpr.pdb.outCR,0.844,0.000,0.966,0.564,0.956,0.977,0.550,0.579
10_0_solution_4LCK_rpr.pdb.outCR,10_BUJNICKI_8_rpr.pdb.outCR,0.868,0.000,0.957,0.651,0.978,0.936,0.600,0.706
10_0_solution_4LCK_rpr.pdb.outCR,10_DAS_2_rpr.pdb.outCR,0.941,0.000,0.978,0.858,1.000,0.957,0.900,0.818
10_0_solution_4LCK_rpr.pdb.outCR,10_BUJNICKI_9_rpr.pdb.outCR,0.901,0.000,0.956,0.781,0.956,0.956,0.800,0.762
10_0_solution_4LCK_rpr.pdb.outCR,10_DAS_5_rpr.pdb.outCR,0.933,0.000,0.989,0.810,1.000,0.978,0.850,0.773
10_0_solution_4LCK_rpr.pdb.outCR,10_CHEN_1_rpr.pdb.outCR,0.760,0.000,0.830,0.598,0.711,0.970,0.500,0.714
10_0_solution_4LCK_rpr.pdb.outCR,10_DAS_3_rpr.pdb.outCR,0.918,0.000,0.978,0.793,0.978,0.978,0.850,0.739
10_0_solution_4LCK_rpr.pdb.outCR,10_DAS_1_rpr.pdb.outCR,0.900,0.000,0.989,0.732,1.000,0.978,0.850,0.630
10_0_solution_4LCK_rpr.pdb.outCR,10_DAS_4_rpr.pdb.outCR,0.926,0.000,0.989,0.793,1.000,0.978,0.850,0.739
10_0_solution_4LCK_rpr.pdb.outCR,10_DING_6_rpr.pdb.outCR,0.807,0.000,0.955,0.338,0.933,0.977,0.200,0.571
10_0_solution_4LCK_rpr.pdb.outCR,10_DING_2_rpr.pdb.outCR,0.796,0.000,0.943,0.300,0.911,0.976,0.150,0.600
10_0_solution_4LCK_rpr.pdb.outCR,10_DING_7_rpr.pdb.outCR,0.805,0.000,0.931,0.400,0.889,0.976,0.200,0.800
10_0_solution_4LCK_rpr.pdb.outCR,10_DING_5_rpr.pdb.outCR,0.786,0.000,0.943,0.224,0.911,0.976,0.100,0.500
10_0_solution_4LCK_rpr.pdb.outCR,10_DING_1_rpr.pdb.outCR,0.806,0.000,0.955,0.300,0.933,0.977,0.150,0.600
10_0_solution_4LCK_rpr.pdb.outCR,10_DING_4_rpr.pdb.outCR,0.795,0.000,0.931,0.335,0.889,0.976,0.150,0.750
10_0_solution_4LCK_rpr.pdb.outCR,10_DING_10_rpr.pdb.outCR,0.814,0.000,0.943,0.400,0.911,0.976,0.200,0.800
10_0_solution_4LCK_rpr.pdb.outCR,10_DING_3_rpr.pdb.outCR,0.806,0.000,0.955,0.300,0.933,0.977,0.150,0.600
10_0_solution_4LCK_rpr.pdb.outCR,10_DING_9_rpr.pdb.outCR,0.797,0.000,0.943,0.338,0.911,0.976,0.200,0.571
10_0_solution_4LCK_rpr.pdb.outCR,10_DING_8_rpr.pdb.outCR,0.834,0.000,0.955,0.474,0.933,0.977,0.300,0.750
